{"states": {"p_ip3/p_ip3": 0.371201329641341, "ca/z": 0.46616924435949897, "ca/y": 5.259762818616543, "vm/vm": 185.75394596646686}, "constants": {"ca/vin/v0": 3.4, "ca/vin/v1": 3.4, "ca/v2/k2": 1.0, "ca/v2/vm2": 50.0, "ca/v2/n": 2.0, "ca/v3/vm3": 650.0, "ca/v3/w": 4.0, "ca/v3/m": 2.0, "ca/v3/o": 4.0, "ca/v3/ka": 0.9, "ca/v3/kr": 2.0, "ca/v3/kp": 0.65, "ca/kf": 1.0, "ca/k": 10.0, "vm/g_ca/g_m_ca": 4.0, "vm/g_ca/kca": 1.4, "vm/g_ca/q": 4.0, "vm/g_i": 1.12, "vm/Ei": -65.09, "vm/Eca": -20.0, "vm/cm": 1.7, "vm/I_init": 0.0, "vm/I_clamp": 0.0, "vm/I_end": 0.0, "p_ip3/pv/p_mv": 0.8, "p_ip3/pv/kv": -58.0, "p_ip3/pv/r": 8.0, "p_ip3/b_ip3": 0.8, "p_ip3/eps_ip3": 0.9, "p_ip3/vm4": 2.0, "p_ip3/k4": 0.5, "p_ip3/u": 4.0}}